{
  "token_acc": 0.9999712591,
  "tag_acc": 0.9757701229,
  "pos_acc": 0.9850288497,
  "morph_acc": 0.9804365121,
  "lemma_acc": 0.9852989094,
  "dep_uas": 0.9118268791,
  "dep_las": 0.8817094166,
  "sents_p": 0.971577029,
  "sents_r": 0.9861460957,
  "sents_f": 0.978807352,
  "speed": 8710.7321427536,
  "morph_per_feat": {
    "Definite": {
      "p": 0.9983125211,
      "r": 0.9989868288,
      "f": 0.9986495611
    },
    "Gender": {
      "p": 0.9941173206,
      "r": 0.9863986784,
      "f": 0.9902429586
    },
    "Number": {
      "p": 0.9975322626,
      "r": 0.9901220687,
      "f": 0.9938133527
    },
    "PronType": {
      "p": 0.9979635584,
      "r": 0.9922208014,
      "f": 0.9950838944
    },
    "PunctType": {
      "p": 0.999202679,
      "r": 0.9988841065,
      "f": 0.9990433673
    },
    "AdpType": {
      "p": 0.9995322185,
      "r": 0.9962699615,
      "f": 0.9978984238
    },
    "VerbForm": {
      "p": 0.9915307403,
      "r": 0.9879668698,
      "f": 0.9897455969
    },
    "Mood": {
      "p": 0.9799849887,
      "r": 0.9738935853,
      "f": 0.9769297917
    },
    "Person": {
      "p": 0.9919340698,
      "r": 0.9845109641,
      "f": 0.9882085772
    },
    "Tense": {
      "p": 0.9833295273,
      "r": 0.9815363574,
      "f": 0.9824321241
    },
    "NumForm": {
      "p": 0.9899833055,
      "r": 0.961102107,
      "f": 0.9753289474
    },
    "NumType": {
      "p": 0.9818965517,
      "r": 0.9579478553,
      "f": 0.9697743721
    },
    "Poss": {
      "p": 1.0,
      "r": 1.0,
      "f": 1.0
    },
    "PunctSide": {
      "p": 1.0,
      "r": 0.998,
      "f": 0.998998999
    },
    "Case": {
      "p": 0.9991474851,
      "r": 0.9832214765,
      "f": 0.9911205074
    },
    "PrepCase": {
      "p": 1.0,
      "r": 0.9814049587,
      "f": 0.9906152242
    },
    "Reflex": {
      "p": 0.9983739837,
      "r": 0.9855537721,
      "f": 0.9919224556
    },
    "Degree": {
      "p": 0.9854014599,
      "r": 0.9608540925,
      "f": 0.972972973
    },
    "Polarity": {
      "p": 1.0,
      "r": 0.9935064935,
      "f": 0.996742671
    },
    "AdvType": {
      "p": 0.9462365591,
      "r": 0.9361702128,
      "f": 0.9411764706
    },
    "Number[psor]": {
      "p": 0.9714285714,
      "r": 0.9714285714,
      "f": 0.9714285714
    }
  },
  "dep_las_per_type": {
    "det": {
      "p": 0.9757756056,
      "r": 0.9811965812,
      "f": 0.9784785851
    },
    "nsubj": {
      "p": 0.8912564291,
      "r": 0.8873445501,
      "f": 0.8892961877
    },
    "case": {
      "p": 0.9635473341,
      "r": 0.9638095238,
      "f": 0.9636784111
    },
    "amod": {
      "p": 0.9120224325,
      "r": 0.9059888579,
      "f": 0.9089956332
    },
    "nmod": {
      "p": 0.8358879493,
      "r": 0.8374371194,
      "f": 0.8366618172
    },
    "mark": {
      "p": 0.9072883173,
      "r": 0.9191096634,
      "f": 0.9131607335
    },
    "acl": {
      "p": 0.7536092397,
      "r": 0.7457142857,
      "f": 0.7496409765
    },
    "advcl": {
      "p": 0.6224852071,
      "r": 0.6485819975,
      "f": 0.6352657005
    },
    "nummod": {
      "p": 0.8845470693,
      "r": 0.8783068783,
      "f": 0.8814159292
    },
    "obj": {
      "p": 0.8448714326,
      "r": 0.8686809994,
      "f": 0.8566108007
    },
    "obl": {
      "p": 0.7396013865,
      "r": 0.7364106989,
      "f": 0.738002594
    },
    "advmod": {
      "p": 0.8429938098,
      "r": 0.8340757238,
      "f": 0.8385110551
    },
    "fixed": {
      "p": 0.8593955322,
      "r": 0.8320610687,
      "f": 0.8455074337
    },
    "cc": {
      "p": 0.9205801105,
      "r": 0.9136394791,
      "f": 0.9170966632
    },
    "conj": {
      "p": 0.7068741894,
      "r": 0.6955966816,
      "f": 0.7011900933
    },
    "root": {
      "p": 0.9198564593,
      "r": 0.9298669891,
      "f": 0.9248346362
    },
    "flat": {
      "p": 0.9105571848,
      "r": 0.9324324324,
      "f": 0.9213649852
    },
    "xcomp": {
      "p": 0.8264248705,
      "r": 0.7837837838,
      "f": 0.8045397226
    },
    "compound": {
      "p": 0.8732394366,
      "r": 0.744,
      "f": 0.8034557235
    },
    "cop": {
      "p": 0.8969957082,
      "r": 0.8969957082,
      "f": 0.8969957082
    },
    "ccomp": {
      "p": 0.8191681736,
      "r": 0.8483146067,
      "f": 0.8334866605
    },
    "iobj": {
      "p": 0.832,
      "r": 0.5777777778,
      "f": 0.6819672131
    },
    "aux": {
      "p": 0.96,
      "r": 0.9559032717,
      "f": 0.9579472559
    },
    "appos": {
      "p": 0.6377952756,
      "r": 0.6778242678,
      "f": 0.6572008114
    },
    "csubj": {
      "p": 0.6774193548,
      "r": 0.6631578947,
      "f": 0.670212766
    },
    "expl:pass": {
      "p": 0.5909090909,
      "r": 0.2888888889,
      "f": 0.3880597015
    },
    "parataxis": {
      "p": 0.6382978723,
      "r": 0.3529411765,
      "f": 0.4545454545
    },
    "orphan": {
      "p": 0.0,
      "r": 0.0,
      "f": 0.0
    },
    "dep": {
      "p": 0.0,
      "r": 0.0,
      "f": 0.0
    },
    "nsubj:pass": {
      "p": 0.0,
      "r": 0.0,
      "f": 0.0
    },
    "aux:pass": {
      "p": 0.0,
      "r": 0.0,
      "f": 0.0
    }
  },
  "ents_p": 0.8942592668,
  "ents_r": 0.8965889201,
  "ents_f": 0.8954225782,
  "ents_per_type": {
    "LOC": {
      "p": 0.8948165739,
      "r": 0.9030991736,
      "f": 0.8989387957
    },
    "PER": {
      "p": 0.9379339365,
      "r": 0.9535149009,
      "f": 0.9456602439
    },
    "MISC": {
      "p": 0.8297403619,
      "r": 0.8012460112,
      "f": 0.8152442795
    },
    "ORG": {
      "p": 0.8406723485,
      "r": 0.820660966,
      "f": 0.830546135
    }
  }
}